year,race,session,driver,lap,lap_time,turn,label,reason
2019,Australian Grand Prix,FP2,RUS,,,3,no_advantage,CAR 63 (RUS) OFF TRACK AND CONTINUED AT TURN 3
2019,Australian Grand Prix,R,KVY,,,3,no_advantage,CAR 26 (KVY) OFF TRACK AND CONTINUED AT TURN 3
2019,Bahrain Grand Prix,R,GRO,,,2,no_advantage,TURN 2 INCIDENT INVOLVING CARS 8 (GRO) AND 18 (STR) - NO INVESTIGATION NECESSARY
2019,Chinese Grand Prix,FP3,NOR,,,16,no_advantage,CAR 4 (NOR) OFF TRACK AND CONTINUED AT TURN 16
2019,Chinese Grand Prix,R,VET,,,14,no_advantage,TURN 14 INCIDENT INVOLVING CARS 5 (VET) AND 33 (VER) - NO INVESTIGATION NECESSARY
2019,Azerbaijan Grand Prix,FP2,NOR,,,3,no_advantage,CAR 4 (NOR) OFF TRACK AND CONTINUED AT TURN 3
2019,Azerbaijan Grand Prix,FP2,MAG,,,3,no_advantage,CAR 20 (MAG) OFF TRACK AND CONTINUED AT TURN 3
2019,Azerbaijan Grand Prix,FP2,HAM,,,8,no_advantage,CAR 44 (HAM) OFF TRACK AND CONTINUED AT TURN 8
2019,Azerbaijan Grand Prix,FP2,VET,,,3,no_advantage,CAR 5 (VET) OFF TRACK AND CONTINUED AT TURN 3
2019,Azerbaijan Grand Prix,FP2,GAS,,,3,no_advantage,CAR 10 (GAS) OFF TRACK AND CONTINUED AT TURN 3
2019,Azerbaijan Grand Prix,FP2,RIC,,,15,no_advantage,CAR 3 (RIC) OFF TRACK AND CONTINUED AT TURN 15
2019,Azerbaijan Grand Prix,FP2,NOR,,,3,no_advantage,CAR 4 (NOR) OFF TRACK AND CONTINUED AT TURN 3
2019,Azerbaijan Grand Prix,FP2,NOR,,,3,no_advantage,CAR 4 (NOR) OFF TRACK AND CONTINUED AT TURN 3
2019,Azerbaijan Grand Prix,FP2,BOT,,,3,no_advantage,CAR 77 (BOT) OFF TRACK AND CONTINUED AT TURN 3
2019,Azerbaijan Grand Prix,FP2,GIO,,,15,no_advantage,CAR 99 (GIO) OFF TRACK AND CONTINUED AT TURN 15
2019,Azerbaijan Grand Prix,FP2,GIO,,,2,no_advantage,CAR 99 (GIO) OFF TRACK AND CONTINUED AT TURN 2
2019,Azerbaijan Grand Prix,FP2,GRO,,,8,no_advantage,CAR 8 (GRO) OFF TRACK AND CONTINUED AT TURN 8
2019,Azerbaijan Grand Prix,FP2,GRO,,,3,no_advantage,CAR 8 (GRO) OFF TRACK AND CONTINUED AT TURN 3
2019,Azerbaijan Grand Prix,FP2,GAS,,,3,no_advantage,CAR 10 (GAS) OFF TRACK AND CONTINUED AT TURN 3
2019,Azerbaijan Grand Prix,FP2,VET,,,4,no_advantage,CAR 5 (VET) OFF TRACK AND CONTINUED AT TURN 4
2019,Azerbaijan Grand Prix,FP3,ALB,,,2,no_advantage,CAR 23 (ALB) OFF TRACK AND CONTINUED AT TURN 2
2019,Azerbaijan Grand Prix,FP3,HAM,,,2,no_advantage,CAR 44 (HAM) OFF TRACK AND CONTINUED AT TURN 2
2019,Azerbaijan Grand Prix,Q,HAM,,,3,no_advantage,CAR 44 (HAM) OFF TRACK AND CONTINUED AT TURN 3
2019,Azerbaijan Grand Prix,Q,HUL,,,3,no_advantage,CAR 27 (HUL) OFF TRACK AND CONTINUED AT TURN 3
2019,Spanish Grand Prix,FP1,GRO,,,7,no_advantage,CAR 8 (GRO) OFF TRACK AND CONTINUED AT TURN 7
2019,Spanish Grand Prix,FP2,HAM,,,13,no_advantage,CAR 44 (HAM) OFF TRACK AND CONTINUED AT TURN 13
2019,Spanish Grand Prix,FP2,KVY,,,1,no_advantage,CAR 26 (KVY) OFF TRACK AND CONTINUED AT TURN 1
2019,Spanish Grand Prix,R,RAI,,,4,no_advantage,CAR 7 (RAI) OFF TRACK AND CONTINUED AT TURN 4
2019,Monaco Grand Prix,FP1,VET,,,1,no_advantage,CAR 5 (VET) OFF TRACK AND CONTINUED AT TURN 1
2019,Monaco Grand Prix,FP1,BOT,,,1,no_advantage,CAR 77 (BOT) OFF TRACK AND CONTINUED AT TURN 1
2019,Monaco Grand Prix,FP1,KVY,,,1,no_advantage,CAR 26 (KVY) OFF TRACK AND CONTINUED AT TURN 1
2019,Monaco Grand Prix,FP1,NOR,,,1,no_advantage,CAR 4 (NOR) OFF TRACK AND CONTINUED AT TURN 1
2019,Monaco Grand Prix,FP1,VER,,,5,no_advantage,CAR 33 (VER) OFF TRACK AND CONTINUED AT TURN 5
2019,Monaco Grand Prix,FP1,STR,,,1,no_advantage,CAR 18 (STR) OFF TRACK AND CONTINUED AT TURN 1
2019,Monaco Grand Prix,FP2,RUS,,,1,no_advantage,CAR 63 (RUS) OFF TRACK AND CONTINUED AT TURN 1
2019,Monaco Grand Prix,FP2,HAM,,,1,no_advantage,CAR 44 (HAM) OFF TRACK AND CONTINUED AT TURN 1
2019,Monaco Grand Prix,FP2,VET,,,1,no_advantage,CAR 5 (VET) OFF TRACK AND CONTINUED AT TURN 1
2019,Monaco Grand Prix,FP3,STR,,,1,no_advantage,CAR 18 (STR) OFF TRACK AND CONTINUED AT TURN 1
2019,Monaco Grand Prix,R,,,,1,no_advantage,TURN 1 INCIDENT ON LAP 1 - NO INVESTIGATION NECESSARY
2019,Canadian Grand Prix,FP1,LAT,,,8,no_advantage,CAR 40 (LAT) OFF TRACK AND CONTINUED AT TURN 8 ON PREVIOUS LAP
2019,Canadian Grand Prix,FP1,LAT,,,8,no_advantage,CAR 40 (LAT) OFF TRACK AND CONTINUED AT TURN 8
2019,Canadian Grand Prix,FP1,GRO,,,8,no_advantage,CAR 8 (GRO) OFF TRACK AND CONTINUED AT TURN 8
2019,Canadian Grand Prix,FP1,ALB,,,8,no_advantage,CAR 23 (ALB) OFF TRACK AND CONTINUED AT TURN 8
2019,Canadian Grand Prix,FP1,KVY,,,13,no_advantage,CAR 26 (KVY) OFF TRACK AND CONTINUED AT TURN 13
2019,Canadian Grand Prix,FP1,GAS,,,1,no_advantage,CAR 10 (GAS) OFF TRACK AND CONTINUED AT TURN 1
2019,Canadian Grand Prix,FP1,VET,,,1,no_advantage,CAR 5 (VET) OFF TRACK AND CONTINUED AT TURN 1
2019,Canadian Grand Prix,FP1,ALB,,,8,no_advantage,CAR 23 (ALB) OFF TRACK AND CONTINUED AT TURN 8
2019,Canadian Grand Prix,FP1,MAG,,,8,no_advantage,CAR 20 (MAG) OFF TRACK AND CONTINUED AT TURN 8
2019,Canadian Grand Prix,FP1,VER,,,8,no_advantage,CAR 33 (VER) OFF TRACK AND CONTINUED AT TURN 8
2019,Canadian Grand Prix,FP1,SAI,,,8,no_advantage,CAR 55 (SAI) OFF TRACK AND CONTINUED AT TURN 8
2019,Canadian Grand Prix,FP1,KVY,,,13,no_advantage,CAR 26 (KVY) OFF TRACK AND CONTINUED AT TURN 13
2019,Canadian Grand Prix,FP2,ALB,,,8,no_advantage,CAR 23 (ALB) OFF TRACK AND CONTINUED AT TURN 8
2019,Canadian Grand Prix,FP2,GAS,,,8,no_advantage,CAR 10 (GAS) OFF TRACK AND CONTINUED AT TURN 8
2019,Canadian Grand Prix,FP2,GRO,,,8,no_advantage,CAR 8 (GRO) OFF TRACK AND CONTINUED AT TURN 8
2019,Canadian Grand Prix,FP2,KVY,,,1,no_advantage,CAR 26 (KVY) OFF TRACK AND CONTINUED AT TURN 1
2019,Canadian Grand Prix,FP2,GAS,,,1,no_advantage,CAR 10 (GAS) OFF TRACK AND CONTINUED AT TURN 1
2019,Canadian Grand Prix,FP2,NOR,,,8,no_advantage,CAR 4 (NOR) OFF TRACK AND CONTINUED AT TURN 8
2019,Canadian Grand Prix,FP2,ALB,,,8,no_advantage,CAR 23 (ALB) OFF TRACK AND CONTINUED AT TURN 8
2019,Canadian Grand Prix,FP2,ALB,,,8,no_advantage,CAR 23 (ALB) OFF TRACK AND CONTINUED AT TURN 8
2019,Canadian Grand Prix,FP3,GIO,,,13,no_advantage,CAR 99 (GIO) OFF TRACK AND CONTINUED AT TURN 13
2019,Canadian Grand Prix,FP3,RUS,,,1,no_advantage,CAR 63 (RUS) OFF TRACK AND CONTINUED AT TURN 1
2019,Canadian Grand Prix,FP3,NOR,,,13,no_advantage,CAR 4 (NOR) OFF TRACK AND CONTINUED AT TURN 13
2019,Canadian Grand Prix,FP3,RIC,,,1,no_advantage,CAR 3 (RIC) OFF TRACK AND CONTINUED AT TURN 1
2019,Canadian Grand Prix,FP3,LEC,,,1,no_advantage,CAR 16 (LEC) OFF TRACK AND CONTINUED AT TURN 1
2019,Canadian Grand Prix,FP3,GIO,,,1,no_advantage,CAR 99 (GIO) OFF TRACK AND CONTINUED AT TURN 1
2019,Canadian Grand Prix,Q,LEC,,,8,no_advantage,CAR 16 (LEC) OFF TRACK AND CONTINUED AT TURN 8
2019,Canadian Grand Prix,R,ALB,,,1,no_advantage,"LAP 1, TURN 1 INCIDENT INVOLVING CARS 23 (ALB) AND 99 (GIO) NOTED - NO INVESTIGATION NECESSARY"
2019,Canadian Grand Prix,R,NOR,,,8,no_advantage,CAR 4 (NOR) OFF TRACK AND CONTINUED AT TURN 8
2019,Canadian Grand Prix,R,NOR,,,13,no_advantage,CAR 4 (NOR) OFF TRACK AND CONTINUED AT TURN 13
2019,Canadian Grand Prix,R,RUS,,,13,no_advantage,CAR 63 (RUS) OFF TRACK AND CONTINUED AT TURN 13
2019,Canadian Grand Prix,R,SAI,,,13,no_advantage,CAR 55 (SAI) OFF TRACK AND CONTINUED AT TURN 13
2019,Canadian Grand Prix,R,HUL,,,8,no_advantage,CAR 27 (HUL) OFF TRACK AND CONTINUED AT TURN 8
2019,Canadian Grand Prix,R,GRO,,,1,no_advantage,TURN 1 INCIDENT INVOLVING CARS 8 (GRO) AND 11 (PER) NOTED - NO INVESTIGATION NECESSARY
2019,Canadian Grand Prix,R,ALB,,,8,no_advantage,CAR 23 (ALB) OFF TRACK AND CONTINUED AT TURN 8
2019,French Grand Prix,FP1,VET,,,1,no_advantage,CAR 5 (VET) OFF TRACK AND CONTINUED AT TURN 1
2019,French Grand Prix,FP1,RAI,,,4,no_advantage,CAR 7 (RAI) OFF TRACK AND CONTINUED AT TURN 4
2019,French Grand Prix,FP1,GAS,,,2,no_advantage,CAR 10 (GAS) OFF TRACK AND CONTINUED AT TURN 2
2019,French Grand Prix,FP2,VET,,,12,no_advantage,CAR 5 (VET) OFF TRACK AND CONTINUED AT TURN 12
2019,French Grand Prix,FP2,NOR,,,8,no_advantage,CAR 4 (NOR) OFF TRACK AND CONTINUED AT TURN 8
2019,French Grand Prix,FP2,HAM,,,4,no_advantage,CAR 44 (HAM) OFF TRACK AND CONTINUED AT TURN 4
2019,French Grand Prix,FP2,RUS,,,2,no_advantage,CAR 63 (RUS) OFF TRACK AND CONTINUED AT TURN 2
2019,French Grand Prix,FP2,PER,,,2,no_advantage,CAR 11 (PER) OFF TRACK AND CONTINUED AT TURN 2
2019,French Grand Prix,FP2,PER,,,8,no_advantage,CAR 11 (PER) OFF TRACK AND CONTINUED AT TURN 8
2019,French Grand Prix,R,RIC,,,8,no_advantage,TURN 8 INCIDENT INVOLVING CARS 3 (RIC) AND 8 (GRO) - NO INVESTIGATION NECESSARY
2019,Austrian Grand Prix,FP1,GAS,,,9,no_advantage,CAR 10 (GAS) OFF TRACK AND CONTINUED AT TURN 9
2019,Austrian Grand Prix,FP1,VET,,,1,no_advantage,CAR 5 (VET) OFF TRACK AND CONTINUED AT TURN 1
2019,Austrian Grand Prix,FP1,NOR,,,10,no_advantage,CAR 4 (NOR) OFF TRACK AND CONTINUED AT TURN 10
2019,Austrian Grand Prix,FP1,VER,,,1,no_advantage,CAR 33 (VER) OFF TRACK AND CONTINUED AT TURN 1
2019,Austrian Grand Prix,FP2,BOT,,,10,no_advantage,CAR 77 (BOT) OFF TRACK AND CONTINUED AT TURN 10
2019,Austrian Grand Prix,FP2,HAM,,,10,no_advantage,CAR 44 (HAM) OFF TRACK AND CONTINUED AT TURN 10
2019,Austrian Grand Prix,FP2,GAS,,,4,no_advantage,CAR 10 (GAS) OFF TRACK AND CONTINUED AT TURN 4
2019,Austrian Grand Prix,FP2,VET,,,10,no_advantage,CAR 5 (VET) OFF TRACK AND CONTINUED AT TURN 10
2019,Austrian Grand Prix,FP2,SAI,,,6,no_advantage,CAR 55 (SAI) OFF TRACK AND CONTINUED AT TURN 6
2019,Austrian Grand Prix,FP2,LEC,,,3,no_advantage,TURN 3 INCIDENT INVOLVING CARS 16 (LEC) AND 99 (GIO) NOTED - NO INVESTIGATION NECESSARY
2019,Austrian Grand Prix,FP3,GRO,,,3,no_advantage,CAR 8 (GRO) OFF TRACK AND CONTINUED AT TURN 3
2019,Austrian Grand Prix,FP3,KUB,,,10,no_advantage,CAR 88 (KUB) OFF TRACK AND CONTINUED AT TURN 10
2019,Austrian Grand Prix,FP3,GRO,,,9,no_advantage,CAR 8 (GRO) OFF TRACK AND CONTINUED AT TURN 9
2019,Austrian Grand Prix,Q,KVY,,,9,no_advantage,CAR 26 (KVY) OFF TRACK AND CONTINUED AT TURN 9
2019,Austrian Grand Prix,Q,KVY,,,1,no_advantage,TURN 1 INCIDENT INVOLVING CARS 26 (KVY) AND 7 (RAI) - NO INVESTIGATION NECESSARY
2019,Austrian Grand Prix,Q,MAG,,,4,no_advantage,CAR 20 (MAG) OFF TRACK AND CONTINUED AT TURN 4
2019,Austrian Grand Prix,R,GIO,,,1,no_advantage,"LAP 1, TURN 1 INCIDENT INVOLVING CARS 99 (GIO) NOTED - NO INVESTIGATION NECESSARY"
2019,Austrian Grand Prix,R,NOR,,,5,no_advantage,"LAP 1,TURN 5 INCIDENT INVOLVING CARS 4 (NOR) AND 7 (RAI) NOTED - NO INVESTIGATION NECESSARY"
2019,British Grand Prix,FP1,ALB,,,6,no_advantage,CAR 23 (ALB) OFF TRACK AND CONTINUED AT TURN 6
2019,British Grand Prix,FP2,ALB,,,6,no_advantage,CAR 23 (ALB) OFF TRACK AND CONTINUED AT TURN 6
2019,British Grand Prix,FP2,NOR,,,12,no_advantage,CAR 4 (NOR) OFF TRACK AND CONTINUED AT TURN 12
2019,British Grand Prix,R,GRO,,,5,no_advantage,TURN 5 INCIDENT INVOLVING CARS 8 (GRO) AND 20 (MAG) NOTED - NO INVESTIGATION NECESSARY
2019,British Grand Prix,R,PER,,,6,no_advantage,TURN 6 INCIDENT INVOLVING CARS 11 (PER) AND 27 (HUL) NOTED - NO INVESTIGATION NECESSARY
2019,German Grand Prix,FP1,BOT,,,13,no_advantage,CAR 77 (BOT) OFF TRACK AND CONTINUED AT TURN 13
2019,German Grand Prix,FP3,VET,2.0,0 days 00:01:13.369000,1,clear_violation,TRACK LIMITS AT TURN 1
2019,German Grand Prix,FP3,VET,12.0,0 days 00:01:12.703000,17,clear_violation,TRACK LIMITS AT TURN 17
2019,German Grand Prix,FP3,RAI,8.0,0 days 00:01:13.890000,17,clear_violation,TRACK LIMITS AT TURN 17
2019,German Grand Prix,FP3,RAI,15.0,0 days 00:01:13.680000,17,clear_violation,TRACK LIMITS AT TURN 17
2019,German Grand Prix,FP3,RAI,17.0,0 days 00:01:13.668000,17,clear_violation,TRACK LIMITS AT TURN 17
2019,German Grand Prix,FP3,ALB,11.0,0 days 00:01:14.194000,17,clear_violation,TRACK LIMITS AT TURN 17
2019,German Grand Prix,FP3,KVY,9.0,0 days 00:01:14.279000,1,clear_violation,TRACK LIMITS AT TURN 1
2019,German Grand Prix,FP3,KVY,12.0,0 days 00:01:14.162000,1,clear_violation,TRACK LIMITS AT TURN 1
2019,German Grand Prix,FP3,HAM,17.0,0 days 00:01:12.793000,17,clear_violation,TRACK LIMITS AT TURN 17
2019,German Grand Prix,FP3,SAI,17.0,0 days 00:01:13.833000,17,clear_violation,TRACK LIMITS AT TURN 17
2019,German Grand Prix,Q,GAS,14.0,0 days 00:01:12.180000,17,clear_violation,TRACK LIMITS AT TURN 17
2019,German Grand Prix,Q,LEC,7.0,0 days 00:01:25.553000,1,clear_violation,TRACK LIMITS AT TURN 1
2019,German Grand Prix,Q,GIO,5.0,0 days 00:01:15.835000,1,clear_violation,TRACK LIMITS AT TURN 1
2019,German Grand Prix,Q,KUB,4.0,0 days 00:01:15.478000,17,clear_violation,TRACK LIMITS AT TURN 17
2019,German Grand Prix,R,HAM,,,1,no_advantage,CAR 44 (HAM) OFF TRACK AND CONTINUED AT TURN 1
2019,German Grand Prix,R,GRO,,,6,no_advantage,TURN 6 INCIDENT INVOLVING CARS 8 (GRO) AND 20 (MAG) - NO INVESTIGATION NECESSARY
2019,Hungarian Grand Prix,R,HAM,,,3,no_advantage,"LAP 1, TURN 3 INCIDENT INVOLVING CARS 44 (HAM) AND 77 (BOT) NOTED - NO INVESTIGATION NECESSARY"
2019,Hungarian Grand Prix,R,BOT,,,4,no_advantage,"LAP 1, TURN 4 INCIDENT INVOLVING CARS 77 (BOT) AND 16 (LEC) NOTED - NO INVESTIGATION NECESSARY"
2019,Hungarian Grand Prix,R,PER,,,1,no_advantage,TURN 1 INCIDENT INVOLVING CARS 11 (PER) AND 23 (ALB) - NO INVESTIGATION NECESSARY
2019,Belgian Grand Prix,FP1,KUB,,,1,no_advantage,CAR 88 (KUB) OFF TRACK AND CONTINUED AT TURN 1
2019,Belgian Grand Prix,FP1,HAM,,,1,no_advantage,CAR 44 (HAM) OFF TRACK AND CONTINUED AT TURN 1
