year,race,session
2018,Abu Dhabi Grand Prix,FP2
2018,Austrian Grand Prix,FP1
2018,Austrian Grand Prix,FP2
2018,Austrian Grand Prix,FP3
2018,Austrian Grand Prix,Q
2018,Austrian Grand Prix,R
2018,Azerbaijan Grand Prix,FP1
2018,Azerbaijan Grand Prix,FP2
2018,Azerbaijan Grand Prix,FP3
2018,Azerbaijan Grand Prix,Q
2018,Azerbaijan Grand Prix,R
2018,Bahrain Grand Prix,FP2
2018,Bahrain Grand Prix,FP3
2018,Belgian Grand Prix,FP3
2018,Belgian Grand Prix,R
2018,British Grand Prix,FP1
2018,British Grand Prix,FP2
2018,British Grand Prix,Q
2018,Canadian Grand Prix,FP2
2018,Canadian Grand Prix,FP3
2018,Canadian Grand Prix,Q
2018,Canadian Grand Prix,R
2018,Chinese Grand Prix,FP1
2018,Chinese Grand Prix,R
2018,French Grand Prix,FP1
2018,French Grand Prix,FP2
2018,French Grand Prix,FP3
2018,French Grand Prix,Q
2018,German Grand Prix,FP1
2018,German Grand Prix,FP2
2018,German Grand Prix,FP3
2018,German Grand Prix,Q
2018,German Grand Prix,R
2018,Italian Grand Prix,FP1
2018,Italian Grand Prix,FP2
2018,Italian Grand Prix,Q
2018,Japanese Grand Prix,FP2
2018,Japanese Grand Prix,FP3
2018,Japanese Grand Prix,R
2018,Mexican Grand Prix,FP1
2018,Mexican Grand Prix,FP2
2018,Mexican Grand Prix,FP3
2018,Mexican Grand Prix,Q
2018,Monaco Grand Prix,FP1
2018,Monaco Grand Prix,FP3
2018,Monaco Grand Prix,Q
2018,Russian Grand Prix,FP1
2018,Russian Grand Prix,FP2
2018,Russian Grand Prix,FP3
2018,Singapore Grand Prix,FP1
2018,Singapore Grand Prix,FP2
2018,Spanish Grand Prix,FP1
2018,Spanish Grand Prix,FP2
2018,Spanish Grand Prix,FP3
2018,Spanish Grand Prix,Q
2018,Spanish Grand Prix,R
2018,United States Grand Prix,FP1
2018,United States Grand Prix,FP2
2019,Australian Grand Prix,FP2
2019,Australian Grand Prix,R
2019,Austrian Grand Prix,FP1
2019,Austrian Grand Prix,FP2
2019,Austrian Grand Prix,FP3
2019,Austrian Grand Prix,Q
2019,Austrian Grand Prix,R
2019,Azerbaijan Grand Prix,FP2
2019,Azerbaijan Grand Prix,FP3
2019,Azerbaijan Grand Prix,Q
2019,Bahrain Grand Prix,R
2019,Belgian Grand Prix,FP1
2019,British Grand Prix,FP1
2019,British Grand Prix,FP2
2019,British Grand Prix,R
2019,Canadian Grand Prix,FP1
2019,Canadian Grand Prix,FP2
2019,Canadian Grand Prix,FP3
2019,Canadian Grand Prix,Q
2019,Canadian Grand Prix,R
2019,Chinese Grand Prix,FP3
2019,Chinese Grand Prix,R
2019,French Grand Prix,FP1
2019,French Grand Prix,FP2
2019,French Grand Prix,R
2019,German Grand Prix,FP1
2019,German Grand Prix,R
2019,Hungarian Grand Prix,R
2019,Monaco Grand Prix,FP1
2019,Monaco Grand Prix,FP2
2019,Monaco Grand Prix,FP3
2019,Spanish Grand Prix,FP1
2019,Spanish Grand Prix,FP2
2019,Spanish Grand Prix,R
2020,70th Anniversary Grand Prix,FP2
2020,Austrian Grand Prix,FP1
2020,Austrian Grand Prix,FP2
2020,Austrian Grand Prix,FP3
2020,Austrian Grand Prix,Q
2020,Belgian Grand Prix,Q
2020,British Grand Prix,FP1
2020,British Grand Prix,R
2020,Eifel Grand Prix,FP3
2020,Eifel Grand Prix,Q
2020,Eifel Grand Prix,R
2020,Emilia Romagna Grand Prix,FP1
2020,Emilia Romagna Grand Prix,R
2020,Hungarian Grand Prix,FP2
2020,Italian Grand Prix,FP1
2020,Italian Grand Prix,FP2
2020,Italian Grand Prix,Q
2020,Italian Grand Prix,R
2020,Portuguese Grand Prix,FP1
2020,Portuguese Grand Prix,FP3
2020,Portuguese Grand Prix,R
2020,Pre-Season Test 1,FP1
2020,Pre-Season Test 1,FP2
2020,Pre-Season Test 1,FP3
2020,Pre-Season Test 1,Q
2020,Pre-Season Test 2,FP1
2020,Pre-Season Test 2,FP2
2020,Pre-Season Test 2,FP3
2020,Pre-Season Test 2,Q
2020,Russian Grand Prix,FP1
2020,Russian Grand Prix,FP2
2020,Russian Grand Prix,FP3
2020,Russian Grand Prix,Q
2020,Russian Grand Prix,R
2020,Styrian Grand Prix,FP2
2020,Styrian Grand Prix,R
2020,Tuscan Grand Prix,FP2
2020,Tuscan Grand Prix,FP3
2020,Tuscan Grand Prix,Q
2020,Tuscan Grand Prix,R
2021,Abu Dhabi Grand Prix,FP1
2021,Abu Dhabi Grand Prix,FP2
2021,Abu Dhabi Grand Prix,FP3
2021,Abu Dhabi Grand Prix,Q
2021,Abu Dhabi Grand Prix,R
2021,Austrian Grand Prix,FP1
2021,Austrian Grand Prix,FP2
2021,Austrian Grand Prix,FP3
2021,Austrian Grand Prix,R
2021,Azerbaijan Grand Prix,FP1
2021,Azerbaijan Grand Prix,FP2
2021,Azerbaijan Grand Prix,FP3
2021,Azerbaijan Grand Prix,Q
2021,Azerbaijan Grand Prix,R
2021,Bahrain Grand Prix,FP2
2021,Bahrain Grand Prix,R
2021,Belgian Grand Prix,FP2
2021,Belgian Grand Prix,FP3
2021,British Grand Prix,S
2021,British Grand Prix,SQ
2021,Dutch Grand Prix,FP1
2021,Dutch Grand Prix,FP3
2021,Emilia Romagna Grand Prix,FP1
2021,Emilia Romagna Grand Prix,Q
2021,Emilia Romagna Grand Prix,R
2021,French Grand Prix,FP1
2021,French Grand Prix,FP2
2021,French Grand Prix,FP3
2021,French Grand Prix,Q
2021,French Grand Prix,R
2021,Hungarian Grand Prix,R
2021,Italian Grand Prix,Q
2021,Italian Grand Prix,R
2021,Italian Grand Prix,S
2021,Italian Grand Prix,SQ
2021,Mexico City Grand Prix,FP1
2021,Mexico City Grand Prix,FP2
2021,Mexico City Grand Prix,FP3
2021,Mexico City Grand Prix,Q
2021,Monaco Grand Prix,FP1
2021,Monaco Grand Prix,FP3
2021,Monaco Grand Prix,Q
2021,Portuguese Grand Prix,R
2021,Pre-Season Test,FP1
2021,Pre-Season Test,FP2
2021,Pre-Season Test,Q
2021,Qatar Grand Prix,FP1
2021,Qatar Grand Prix,FP2
2021,Qatar Grand Prix,FP3
2021,Qatar Grand Prix,Q
2021,Qatar Grand Prix,R
2021,Russian Grand Prix,FP1
2021,Russian Grand Prix,FP2
2021,Russian Grand Prix,Q
2021,Saudi Arabian Grand Prix,FP1
2021,Saudi Arabian Grand Prix,FP2
2021,Saudi Arabian Grand Prix,FP3
2021,Saudi Arabian Grand Prix,Q
2021,Saudi Arabian Grand Prix,R
2021,Spanish Grand Prix,FP1
2021,Spanish Grand Prix,FP2
2021,Spanish Grand Prix,FP3
2021,Spanish Grand Prix,Q
2021,São Paulo Grand Prix,FP1
2021,São Paulo Grand Prix,S
2021,São Paulo Grand Prix,SQ
2021,Turkish Grand Prix,FP2
2021,Turkish Grand Prix,FP3
2021,Turkish Grand Prix,Q
2021,Turkish Grand Prix,R
2021,United States Grand Prix,FP1
2021,United States Grand Prix,FP2
2021,United States Grand Prix,Q
2022,Australian Grand Prix,FP1
2022,Australian Grand Prix,FP2
2022,Australian Grand Prix,FP3
2022,Australian Grand Prix,Q
2022,Australian Grand Prix,R
2022,Austrian Grand Prix,FP1
2022,Austrian Grand Prix,FP2
2022,Austrian Grand Prix,Q
2022,Austrian Grand Prix,S
2022,Austrian Grand Prix,SQ
2022,Azerbaijan Grand Prix,FP1
2022,Azerbaijan Grand Prix,FP2
2022,Azerbaijan Grand Prix,FP3
2022,Azerbaijan Grand Prix,Q
2022,Azerbaijan Grand Prix,R
2022,Bahrain Grand Prix,FP1
2022,Bahrain Grand Prix,R
2022,Belgian Grand Prix,FP2
2022,Belgian Grand Prix,FP3
2022,British Grand Prix,FP2
2022,British Grand Prix,FP3
2022,British Grand Prix,Q
2022,British Grand Prix,R
2022,Canadian Grand Prix,FP1
2022,Canadian Grand Prix,FP2
2022,Canadian Grand Prix,FP3
2022,Canadian Grand Prix,Q
2022,Canadian Grand Prix,R
2022,Dutch Grand Prix,FP1
2022,Dutch Grand Prix,Q
2022,Dutch Grand Prix,R
2022,Emilia Romagna Grand Prix,FP1
2022,Emilia Romagna Grand Prix,FP2
2022,Emilia Romagna Grand Prix,Q
2022,French Grand Prix,FP1
2022,French Grand Prix,FP2
2022,French Grand Prix,FP3
2022,French Grand Prix,Q
2022,French Grand Prix,R
2022,Hungarian Grand Prix,FP1
2022,Hungarian Grand Prix,FP2
2022,Hungarian Grand Prix,FP3
2022,Hungarian Grand Prix,R
2022,Japanese Grand Prix,FP1
2022,Japanese Grand Prix,FP2
2022,Mexico City Grand Prix,FP1
2022,Mexico City Grand Prix,FP3
2022,Miami Grand Prix,FP1
2022,Miami Grand Prix,FP2
2022,Miami Grand Prix,FP3
2022,Miami Grand Prix,R
2022,Monaco Grand Prix,FP1
2022,Pre-Season Track Session,FP2
2022,Pre-Season Track Session,FP3
2022,Pre-Season Track Session,Q
2022,Pre-Season Track Session,R
2022,Saudi Arabian Grand Prix,FP1
2022,Singapore Grand Prix,FP1
2022,Singapore Grand Prix,FP2
2022,Singapore Grand Prix,FP3
2022,Singapore Grand Prix,Q
2022,Spanish Grand Prix,FP2
2022,Spanish Grand Prix,Q
2022,Spanish Grand Prix,R
2023,Australian Grand Prix,FP1
2023,Australian Grand Prix,FP2
2023,Australian Grand Prix,FP3
2023,Australian Grand Prix,R
2023,Austrian Grand Prix,FP1
2023,Azerbaijan Grand Prix,FP1
2023,Azerbaijan Grand Prix,Q
2023,Bahrain Grand Prix,FP1
2023,Bahrain Grand Prix,FP2
2023,Bahrain Grand Prix,R
2023,Belgian Grand Prix,Q
2023,British Grand Prix,FP1
2023,British Grand Prix,FP2
2023,British Grand Prix,Q
2023,Canadian Grand Prix,FP2
2023,Canadian Grand Prix,FP3
2023,Dutch Grand Prix,FP1
2023,Dutch Grand Prix,FP2
2023,Dutch Grand Prix,FP3
2023,Dutch Grand Prix,Q
2023,Dutch Grand Prix,R
2023,Hungarian Grand Prix,FP1
2023,Hungarian Grand Prix,FP3
2023,Italian Grand Prix,FP1
2023,Italian Grand Prix,FP3
2023,Japanese Grand Prix,FP1
2023,Japanese Grand Prix,R
2023,Las Vegas Grand Prix,FP2
2023,Las Vegas Grand Prix,FP3
2023,Las Vegas Grand Prix,Q
2023,Mexico City Grand Prix,FP1
2023,Mexico City Grand Prix,FP3
2023,Mexico City Grand Prix,R
2023,Miami Grand Prix,FP1
2023,Miami Grand Prix,FP2
2023,Miami Grand Prix,FP3
2023,Qatar Grand Prix,R
2023,Saudi Arabian Grand Prix,FP1
2023,Singapore Grand Prix,FP2
2023,Singapore Grand Prix,FP3
2023,Singapore Grand Prix,R
2023,Spanish Grand Prix,FP2
2023,Spanish Grand Prix,FP3
2023,Spanish Grand Prix,Q
2023,São Paulo Grand Prix,FP1
2023,São Paulo Grand Prix,S
2024,Australian Grand Prix,FP1
2024,Australian Grand Prix,FP2
2024,Australian Grand Prix,Q
2024,Bahrain Grand Prix,R
2024,Chinese Grand Prix,FP1
2024,Chinese Grand Prix,SQ
2024,Japanese Grand Prix,FP3
2024,Saudi Arabian Grand Prix,FP3
